sample_id,session_id,exchange_id,instruction,gold_commands,distilled_intent,command_template
1,14,5737,升級,brew upgrade ollama,升級軟體套件,brew upgrade <package>
2,170,128216,都做吧,rm -f data/shiba-brain.db-shm data/shiba-brain.db-wal; ls -lh data/shiba-brain.db* 2>&1 | grep -v broken,清除資料庫的暫存檔案並檢查資料庫檔案狀態,rm -f data/shiba-brain.db-shm data/shiba-brain.db-wal; ls -lh data/shiba-brain.db* 2>&1 | grep -v broken
3,15,15378,你執行 另外docker容器 命名請參考 shiba-ollama-grafana,cd <HOME>/Developer/ollama-grafana && docker compose up -d 2>&1,啟動另一個 Docker 容器並命名為 shiba-ollama-grafana,cd <HOME>/Developer/ollama-grafana && docker compose up -d
4,282,354935,ABC,"grep -n ""evaluator_model\|gemini-2.5-flash-lite"" evaluation/c2_e2e_evaluation.py | head -10",查詢評估程式碼中特定關鍵字的行號,grep -n <keyword1>|<keyword2> <file> | head -10
5,370,383077,幫我使用tree列出核心功能的目錄與程式 在程式名稱右方用一句簡要的話標註這隻程式目的,"for f in modules/ragas/c1_generate_answers.py modules/ragas/c2_e2e_evaluation.py modules/ragas/c4_weekly_ci.py modules/ragas/golden_set_builder.py modules/ragas/layer2_eval.py modules/ragas/ragas_runner.py layer_2_chamber/backend/api/routes_dashboard.py layer_2_chamber/backend/api/routes_dataset.py layer_2_chamber/backend/api/routes_mcp.py layer_2_chamber/backend/api/routes_teachers.py; do echo ""=== $f ===""; sed -n '2,6p' ""$f"" 2>/dev/null; done",列出核心功能目錄並標註程式目的,tree <path> -L 2
6,14,13941,大概5分鐘1次,"# 用 powermetrics 非互動模式抓一次樣本（需 sudo）
sudo powermetrics -n 1 -i 1000 --samplers cpu_power,gpu_power,thermal 2>/dev/null | grep -E ""CPU die|GPU|ANE|temperature|active|freq"" | head -20",設定每5分鐘抓取一次系統效能樣本,"sudo powermetrics -n 1 -i 1000 --samplers cpu_power,gpu_power,thermal 2>/dev/null | grep -E ""CPU die|GPU|ANE|temperature|active|freq"" | head -20"
7,228,254923,照 4 個 PR 切,"git add evaluation/c1_generate_answers.py && git commit -m ""$(cat <<'EOF'
feat(pr-c-c1-answer-generator): 新增 Phase C.1 expected_answer 生成腳本

- Gemini Flash-Lite 生成 + 驗收（自動 score < 7 flag 待 Shiba 複核）
- 過濾系統訊息/工具名稱等雜訊 context
- 整批熔斷：except AIClientError 後停止剩餘 query 並印錯誤類別到 stderr
- 速率保護：生成 4s + 驗收 4s（Paid Tier 仍預留間隔）
- caller_module 串到 ai_api_call_logs（c1_generate_answers.generate / .score）

C.1 結果（n=28/31，3 筆無 uuid 不需生成）：4 flags 待複核 id=12/19/26/29

Co-Authored-By: Claude Opus 4.7 <<EMAIL>>
EOF
)""",要求執行 4 個 PR 切分支的指令,git add <files> && git commit -m <msg>
8,14,5681,幫我做git stash,git stash,儲存當前工作目錄的變更，以便暫時移除工作區的修改,git stash
9,14,6559,讓我執行 git log --oneline -5,git log --oneline -5,查看最近五次提交的簡短日誌,git log --oneline -5
10,14,14639,<local-command-caveat>Caveat: The messages below were generated by the user while running local commands. DO NOT respond to these messages or otherwise consider them in your response unless the user explicitly asks you to.</local-command-caveat>,"ls /Applications/ | grep -i stats
mdfind ""kMDItemCFBundleIdentifier == 'eu.exelban.Stats'"" 2>/dev/null | head -3",列出應用程式目錄中與 Stats 相關的應用程式,"ls /Applications/ | grep -i <pattern> && mdfind ""kMDItemCFBundleIdentifier == '<bundle_id>'"" 2>/dev/null | head -3"
11,228,255148,<local-command-caveat>Caveat: The messages below were generated by the user while running local commands. DO NOT respond to these messages or otherwise consider them in your response unless the user explicitly asks you to.</local-command-caveat>,"grep -n ""launchd\|plist\|schedule\|cron"" <HOME>/Developer/01_project/shiba-fine-tuning-project/evaluation/setup_layer3_launchd.sh 2>/dev/null | head -20; cat <HOME>/Developer/01_project/shiba-fine-tuning-project/evaluation/setup_layer3_launchd.sh | head -40",檢查特定腳本中的關鍵字以確認其功能,"grep -n ""launchd|plist|schedule|cron"" <file> 2>/dev/null | head -20"
12,14,3016,重啟,"pkill -f ""uvicorn layer_2_chamber"" ; sleep 1 && uvicorn layer_2_chamber.backend.main:app --port 8000 &",重啟應用程式服務,"pkill -f ""uvicorn layer_2_chamber"" ; sleep 1 && uvicorn layer_2_chamber.backend.main:app --port 8000 &"
13,147,40888,"<command-name>/model</command-name>
            <command-message>model</command-message>
            <command-args></command-args>",git checkout -b yaml-schema-1-yaml-2-4-glimmering-candy-step2 && ls config/models/,建立新的分支並列出模型配置目錄內容,git checkout -b <branch> && ls <path>
14,15,15622,好,launchctl unload ~/Library/LaunchAgents/homebrew.mxcl.ollama.plist && sleep 2 && launchctl load ~/Library/LaunchAgents/homebrew.mxcl.ollama.plist && sleep 3 && curl -s http://localhost:11434/metrics 2>&1 | head -8,重新啟動 Ollama 服務並檢查其指標,launchctl unload <plist> && sleep 2 && launchctl load <plist> && sleep 3 && curl -s http://localhost:<port>/metrics 2>&1 | head -8
15,14,10568,Ok,"OLLAMA_FLASH_ATTENTION=1 OLLAMA_KV_CACHE_TYPE=q8_0 OLLAMA_KEEP_ALIVE=10m OLLAMA_MAX_LOADED_MODELS=1 ollama serve &
sleep 3
curl -s http://localhost:11434/api/tags | python3 -c ""import sys,json; d=json.load(sys.stdin); print([m['name'] for m in d.get('models',[])])""",啟動 Ollama 服務並檢查模型列表,"OLLAMA_FLASH_ATTENTION=1 OLLAMA_KV_CACHE_TYPE=q8_0 OLLAMA_KEEP_ALIVE=10m OLLAMA_MAX_LOADED_MODELS=1 ollama serve & sleep 3 curl -s http://localhost:11434/api/tags | python3 -c ""import sys,json; d=json.load(sys.stdin); pr"""
16,228,255841,<local-command-stdout>Set model to [1mOpus 4.7[22m for this session</local-command-stdout>,"git diff CLAUDE.md | head -50 && echo ""---ragas_runner---"" && git diff evaluation/ragas_runner.py | head -30 && echo ""---golden_set_builder---"" && git diff evaluation/golden_set_builder.py | head -30",查看指定檔案的差異內容，包含 CLAUDE.md、evaluation/ragas_runner.py 和 evaluation/golden_set_builder.py 的前幾行變更。,git diff <file1> | head -50 && git diff <file2> | head -30 && git diff <file3> | head -30
17,228,255142,<local-command-caveat>Caveat: The messages below were generated by the user while running local commands. DO NOT respond to these messages or otherwise consider them in your response unless the user explicitly asks you to.</local-command-caveat>,"grep -rn ""CREATE TABLE.*retrieval_golden_set\|CREATE TABLE.*evaluation_results"" --include=""*.py"" --include=""*.sql"" 2>/dev/null | head -5
echo ""---""
ls evaluation/*.py 2>/dev/null",查詢特定資料表定義的程式碼位置,"grep -rn ""CREATE TABLE.*retrieval_golden_set\|CREATE TABLE.*evaluation_results"" --include=""*.py"" --include=""*.sql"" 2>/dev/null | head -5\necho ""---""\nls evaluation/*.py 2>/dev/null"
18,14,7608,[Request interrupted by user for tool use],uvx pytest tests/layer2/test_refiner_service.py -v 2>&1,執行單元測試以驗證程式碼修正,uvx pytest tests/layer2/test_<module>.py -v
19,170,132043,<local-command-stdout>[2mCompacted (ctrl+o to see full summary)[22m</local-command-stdout>,"git add layer_2_chamber/backend/api/routes_router.py docs/archive/plans/2026-05-07-yaml-schema-1-yaml-2-4-glimmering-candy.md &&
git commit -m ""$(cat <<'EOF'
feat(layer-2): yaml-schema step 4 — Backend API 擴充 5 端點

新增 GET /router/models/installed、GET /router/models/by-role、
PUT /router/config（切換 active model）、POST /router/config/reload
（重新讀 yaml → model_registry snapshot），改 GET /router/status
加 roles 詳細欄位 + yaml_modified 偵測（供前端「yaml 已修改」徽章）。

Co-Authored-By: Claude Sonnet 4.6 <<EMAIL>>
EOF
)""",使用者要求執行 Git 操作以提交程式碼變更,git add <files> && git commit -m <msg>
20,228,255001,<local-command-caveat>Caveat: The messages below were generated by the user while running local commands. DO NOT respond to these messages or otherwise consider them in your response unless the user explicitly asks you to.</local-command-caveat>,"grep -n ""def \|evaluation_runs\|run_id\|evaluation_results"" evaluation/ragas_runner.py | head -50",檢視 evaluation/ragas_runner.py 檔案中包含特定關鍵字的程式碼行數及內容,"grep -n ""def |evaluation_runs|run_id|evaluation_results"" <file> | head -50"
21,14,10577,請想辦法取用到cpu 跟gpu溫度,"sudo powermetrics -n 1 -i 500 --samplers cpu_power 2>&1 | grep -iE ""die|temp|°|celsius""",取得 CPU 和 GPU 的溫度資訊,"sudo powermetrics -n 1 -i 500 --samplers cpu_power 2>&1 | grep -iE ""die|temp|°|celsius"""
22,65,21515,[Request interrupted by user for tool use],ls -la <HOME>/.claude/plans/ 2>/dev/null | head -20,列出使用者主目錄下 .claude/plans/ 資料夾的前 20 項檔案清單,ls -la <HOME>/.claude/plans/ 2>/dev/null | head -20
23,14,8417,"<bash-input>sudo powermetrics -n 1 -i 1000 --samplers smc 2>&1 | grep -i ""temp"" | head -20</bash-input>","sudo powermetrics -n 1 -i 1000 --samplers smc 2>&1 | grep -i ""temp"" | head -20",檢視系統溫度相關資訊,sudo powermetrics -n <n> -i <interval> --samplers <samplers> 2>&1 | grep -iE <pattern> | head -20
24,282,353403,可,.venv/bin/python -m evaluation.migration_needs_context_label,使用者要求執行 Python 腳本以評估遷移需求的上下文標籤,.venv/bin/python -m evaluation.migration_needs_context_label
25,14,6123,你做吧,"uv run uvicorn layer_2_chamber.backend.main:app --port 8000 > /tmp/uvicorn.log 2>&1 &
sleep 4 && curl -s http://localhost:8000/api/v1/dataset/extract -X POST | python3 -m json.tool 2>/dev/null | head -5",執行後端服務並提取資料集,uv run uvicorn layer_2_chamber.backend.main:app --port 8000 > /tmp/uvicorn.log 2>&1 & sleep 4 && curl -s http://localhost:8000/api/v1/dataset/extract -X POST | python3 -m json.tool 2>/dev/null | head -5
26,282,353074,"This session is being continued from a previous conversation that ran out of context. The summary below covers the earlier portion of the conversation.

Summary:
1. Primary Request and Intent:
   This session continued from a context-summarized prior conversation focused on RAGAS evaluation framework for `shiba-fine-tuning-project`. Sequence of explicit user requests:
   - Phase 5 conditional expansion result analysis (auto:2 result was 6.6875 vs K=0 baseline 7.1333, Δ=−0.4458)
   - Decision A: ","git add clients/ && git commit -m ""$(cat <<'EOF'
refactor(pr-n-vendor-clients): temperature 提到 generate() 參數，預設 0.0

評估友善（deterministic）為預設。各 caller 不傳即得 0.0；需要多樣性者顯式傳。

異動：
- Anthropic：新增 `temperature: float = 0.0` keyword 參數
- Gemini：同上，串到 config_kwargs
- OpenAICompat / Ollama：既有 `temperature` 預設由 0.1 改為 0.0

驗證：4 個 client signature 一致，所有現有 caller（teacher_service、c2_e2e）
不傳 temperature 即拿 0.0；多樣性需求 caller 之後顯式傳。
EOF
)""",使用者希望完成 RAGAS 評估框架的後續工作，包括分析條件擴展結果、決定是否放棄擴展計劃、保留分支驗證問題與結論、列出待處理事項並繼續進行待辦工作，以及開啟 GitHub PR 分支。,git add <files> && git commit -m <msg>
27,170,129143,commit 這個 backfill 腳本跟 make_analysis_copy.sh,git log --oneline -3 2>&1,提交 backfill 腳本和 make_analysis_copy.sh 檔案至版本控制系統,git add <files> && git commit -m <msg>
28,196,188498,請列出項任務所需的/model與/effort,git checkout main && git checkout -b ragas-evaluation,列出項目任務所需的模型與努力資源,git checkout main && git checkout -b <branch_name>
29,282,354261,1、2,.venv/bin/python -m evaluation.c2_e2e_evaluation run --limit 1 2>&1 | tail -15,執行 Python 評估腳本以獲取結果摘要,.venv/bin/python -m evaluation.c2_e2e_evaluation run --limit 1 2>&1 | tail -15
30,16,16179,[Request interrupted by user for tool use],"grep -n ""score_pending\|pending"" <HOME>/Developer/01_project/shiba-fine-tuning-project/layer_2_chamber/backend/core/background.py | head -20",查詢背景程式碼中與 pending 相關的行數及內容,"grep -n ""score_pending|pending"" <file> | head -20"
