sample_id,instruction,gold_commands,rag_source,rag_context,raw_response,extracted_commands,json_ok,latency_ms
1,commit 這個 backfill 腳本跟 make_analysis_copy.sh,git log --oneline -3 2>&1,vector,"git commit and update changelog，先做A2結束後停止
指令：Bash, Read
---
git commit and update changelog，先做A2結束後停止
指令：Edit
---
進行git commit與修改changelog，於A2結束後終止操作
指令：Bash, Read","{
  ""commands"": [
    ""git add data/2026-05-20_shiba-brain.db.bge-m3-backfill.bak make_analysis_copy.sh"",
    ""git commit -m '<COMMIT_MSG>'""
  ]
}","git add data/2026-05-20_shiba-brain.db.bge-m3-backfill.bak make_analysis_copy.sh
git commit -m '<COMMIT_MSG>'",1,2190
2,"1.目前已經是Gemini付費方案 所以請更新 RPD機制 Model    Category    RPM    TPM    RPD
Gemini 2.5 Flash    Text-out models    6 / 1K    1.57K / 1M    25 / 10K
Gemini 2.5 Flash Lite    Text-out models    11 / 4K    4.07K / 4M    20 / Unlimited
但不要貼近上限 取用也請預留3-5秒的間隔 2.新增功能 需要將每次取用AI model 的歷程記錄建立DB schema保留下來 使用哪個API路徑","git add layer_2_chamber/backend/core/config.py && git commit -m ""$(cat <<'EOF'
feat(pr-b-gemini-paid-tier-quota): 升 Gemini Paid Tier，DB migration 預設值改 50% buffer

Paid Tier 上限：Flash 1000RPM/10000RPD、Flash-Lite 4000RPM/Unlimited。
取 50% buffer 避免貼近上限：
- gemini-2.5-flash：RPM=500、daily_request_limit=5000
- gemini-2.5-flash-lite：RPM=2000、daily_request_limit=999999

注意：本次只動 _run_rpm_migration 預設值（為新建 DB 用），現存 DB 已直接 UPDATE 同步。

Co-Authored-By: Claude Opus 4.7 <<EMAIL>>
EOF
)""",vector,"請先以一次測試為主 檢查是否呼叫Gemini AI是有正常取到回應
指令：Agent
---
所以今天gemini api key額度已經被用完了？
指令：Read
---
綜合本次對話內容確立主要目標。針對新推出之模型，應即時下載並借助 YAML 檔案完成參數配置以便啟用，使現有 Schema 與已完成的歷史數據能快速賦能新模型。要點如下：1. 前端維持模型彈性替換機制，各模型皆需配對專屬 YAML 檔；2. 「[4. 模式：除了「建議注入」還有什麼]」所指的模式先予備註，本期暫不納入；3. 輕量任務採用 Agent 進行處理與驗收；4. 規劃內容需標示建議的 /model 與 /effort；5. 依照需求靈活啟用 Plugin 或 Skill。
指令：Bash, Read","{
  ""commands"": [
    ""git checkout -b update-gemini-rpd"",
    ""git add ."",
    ""git commit -m '<COMMIT_MSG>'"",
    ""git push origin update-gemini-rpd"",
    ""echo 'Updating RPD mechanism for Gemini models in config file' > docs/2026-05-20_gemini-rpd-update.md"",
    ""echo 'New RPD settings:' >> docs/2026-05-20_gemini-rpd-update.md"",
    ""echo 'Gemini 2.5 Flash: Text-out models, 6/1K RPM, 1.57K/1M TPM, 25/10K RPD' >> docs/2026-05-20_gemini-rpd-update.md"",
    ""echo 'Gemini 2.5 Flash Lite: Text-out models, 11/4K RPM, 4.07K/4M TPM, 20/Unlimited RPD' >> docs/2026-05-20_gemini-rpd-update.md"",
    ""echo 'Note: API calls reserved 3-5 seconds between requests to avoid hitting limits' >> docs/2026-05-20_gemini-rpd-update.md"",
    ""echo 'New feature: Logging AI model usage in DB schema' > docs/2026-05-20_ai-usage-logging.md"",
    ""echo 'API path: /api/v1/ai-usage' >> docs/2026-05-20_ai-usage-logging.md""
  ]
}","git checkout -b update-gemini-rpd
git add .
git commit -m '<COMMIT_MSG>'
git push origin update-gemini-rpd
echo 'Updating RPD mechanism for Gemini models in config file' > docs/2026-05-20_gemini-rpd-update.md
echo 'New RPD settings:' >> docs/2026-05-20_gemini-rpd-update.md
echo 'Gemini 2.5 Flash: Text-out models, 6/1K RPM, 1.57K/1M TPM, 25/10K RPD' >> docs/2026-05-20_gemini-rpd-update.md
echo 'Gemini 2.5 Flash Lite: Text-out models, 11/4K RPM, 4.07K/4M TPM, 20/Unlimited RPD' >> docs/2026-05-20_gemini-rpd-update.md
echo 'Note: API calls reserved 3-5 seconds between requests to avoid hitting limits' >> docs/2026-05-20_gemini-rpd-update.md
echo 'New feature: Logging AI model usage in DB schema' > docs/2026-05-20_ai-usage-logging.md
echo 'API path: /api/v1/ai-usage' >> docs/2026-05-20_ai-usage-logging.md",1,9577
3,每 15 分鐘自動掃描變體不足的 instruction，呼叫 Qwen 生成 5 種同義說法並寫入 embedding。我想知道這個任務目前如何,"git -C <HOME>/Developer/01_project/shiba-fine-tuning-project add tests/layer2/test_pipeline.py layer_1_memory/db/schema.sql && git -C <HOME>/Developer/01_project/shiba-fine-tuning-project commit -m ""$(cat <<'EOF'
fix(tests): pipeline test seed 補完、status 斷言修正

- _seed_tool_execution 補 input_cmd（Bash 預設 git commit，其他補 file_path）
- block1 event type（git_ops/code_gen）需有 tool_executions 才能抽取指令
- training_samples 初始 status 為 raw（非 pending），修正斷言
- schema.sql exchange_embeddings 補 source_instruction 欄位

Co-Authored-By: Claude Sonnet 4.6 <<EMAIL>>
EOF
)"" 2>&1",vector,"每 15 分鐘自動掃描變體不足的 instruction，呼叫 Qwen 生成 5 種同義說法並寫入 embedding。我想知道這個任務目前如何
指令：sqlite3 ~/.local-brain/shiba-brain.db ""
SELECT instruction, COUNT(*) as variants
FROM exchange_embeddings
GROUP BY instruction
ORDER BY variants DESC;"" 2>&1
---
系統定時十五分鐘執行一次，自動篩選出變體數量不足的指令語料，搭配 Qwen 產生五份語意相同的替代說詞，並將結果寫入 Embedding。不知此任務目前運作情形為何？
指令：sqlite3 ~/.local-brain/shiba-brain.db ""
SELECT instruction, COUNT(*) as variants
FROM exchange_embeddings
GROUP BY instruction
ORDER BY variants DESC;"" 2>&1
---
定時每十五分鐘自動排查指令項","{""commands"": [""sqlite3 ~/.local-brain/shiba-brain.db \""SELECT instruction, COUNT(*) as variants FROM exchange_embeddings GROUP BY instruction ORDER BY variants DESC;\"" 2>&1""]}","sqlite3 ~/.local-brain/shiba-brain.db ""SELECT instruction, COUNT(*) as variants FROM exchange_embeddings GROUP BY instruction ORDER BY variants DESC;"" 2>&1",1,2944
4,"Here is grok suggestion, let thinking 哪些是可納入考量的建議內

重大缺點與風險（直白批評）：
•  目前幾乎沒有實證證據：Repo stars/forks 都是 0，上線時間很短（v1.1.1 剛在 2026-04-29），沒有任何公開 benchmark、採納率數據、before/after 比較、用戶反饋。這類自我進化系統最難的是正向回饋循環是否真的收斂，而不是發散或產生模式崩壞（mode collapse）、重複性更高但品質更低的輸出。目前看來還停在「工程實現」階段，缺乏「它真的變得更好」的證明。
•  Judge 與資料品質風險極高：依賴外部閉源","git status; echo ""---""; head -80 README.md",vector,"Here is grok suggestion, let thinking 哪些是可納入考量的建議內

重大缺點與風險（直白批評）：
•  目前幾乎沒有實證證據：Repo stars/forks 都是 0，上線時間很短（v1.1.1 剛在 2026-04-29），沒有任何公開 benchmark、採納率數據、before/after 比較、用戶反饋。這類自我進化系統最難的是正向回饋循環是否真的收斂，而不是發散或產生模式崩壞（mode collapse）、重複性更高但品質更低的輸出。目前看來還停在「工程實現」階段，缺乏「它真的變得更好」的證明。
•  Judge 與資料品質風險極高：依賴外部閉源
指令：Bash, Edit, Read, Write
---
Here is grok suggestion, let thinking 哪些是可納入考量的建議內

重大缺點與風險（直白批評）：
•  目前幾乎沒有實證證據：Repo stars/forks 都是 0，上線時間很短（v1.1.1 剛在 2026-04-29），沒有任何公開 benchmark、採納率數據、before/after ","{
  ""commands"": [
    ""git add data/2026-05-20_shiba-brain.db.bak data/2026-05-20_shiba-brain.db.bge-m3-backfill.bak docs/2026-05-09_shiba-fine-tuning-long-tern-plan.md docs/2026-05-09_shiba-learning-roadmap.md docs/architecture.txt docs/archive/plans/2026-05-23-local-qwen-capability-validation.md docs/note/ experiments/"",
    ""git commit -m <COMMIT_MSG>"",
    ""git push origin main""
  ]
}","git add data/2026-05-20_shiba-brain.db.bak data/2026-05-20_shiba-brain.db.bge-m3-backfill.bak docs/2026-05-09_shiba-fine-tuning-long-tern-plan.md docs/2026-05-09_shiba-learning-roadmap.md docs/architecture.txt docs/archive/plans/2026-05-23-local-qwen-capability-validation.md docs/note/ experiments/
git commit -m <COMMIT_MSG>
git push origin main",1,6551
5,"請幫我到git branch main維護readme.md更新當前狀態 並將此段 參考來源
外部資源
NCU資工所人工智慧與知識系統實驗室，博士後研究員 黃鈺晴 (e-mail:<EMAIL>) 2026-05-17 討論平台改善空間，建議使用RAGAS，（Retrieval Augmented Generation Assessment）對RAG評估、測試和優化大型語言模型（LLM）中檢索增強生成（RAG）管道的開源框架，降低RAG幻覺，RAG與LLM提升品質。

2026-05-18 調整後結果：UUID 型基線完成。 指標說明： i. uuid_recall","git add evaluation/ragas_runner.py && git commit -m ""$(cat <<'EOF'
feat(evaluation): A.3 ragas_runner Layer 1 召回評估

- UUID 型指標：uuid_recall / uuid_precision / hit@1 / mrr（deterministic）
- LLM ctx_relevance judge：local qwen3:30b-a3b + Gemini 2.5 Flash
- qwen3 走 Ollama native /api/generate（think:false），繞過 OpenAI-compat
  接口把 reasoning 誤放 content 欄位的問題
- Gemini 配額耗盡時靜默跳過，不中斷整批執行
- CLI：--judge local|gemini|both|none，--top-n，--run-id
- 結果寫入 evaluation_results（run_id 區分每次執行）

A.3 基線（28 筆 golden set，top_n=3）：
  recall=0.744  precision=0.613  hit@1=0.643  mrr=0.762
  ctx_relevance_local=0.691（qwen3:30b-a3b）

Co-Authored-By: Claude Sonnet 4.6 <<EMAIL>>
EOF
)""",vector,"需於readme.md列出我們的參考來源/shiba-fine-tuning-project/docs/references-blog、references-git、references-paper 4篇論文 與1篇blog 以及git 開源claudest
指令：Bash, Edit
---
執行 git push 至遠端伺服器，並更新說明文件 README.md 與变更记录 CHANGELOG.md
指令：Bash, Read
---
完成代碼提交後重擬計畫，隨即進行推送至外部儲存空間，並更新 changelog.md 跟 readme.md
指令：Bash, Edit","{
  ""commands"": [
    ""git checkout main"",
    ""git pull origin main"",
    ""echo '## 參考來源\n\n外部資源\nNCU資工所人工智慧與知識系統實驗室，博士後研究員 黃鈺晴 (e-mail:<EMAIL>) 2026-05-17 討論平台改善空間，建議使用RAGAS，（Retrieval Augmented Generation Assessment）對RAG評估、測試和優化大型語言模型（LLM）中檢索增強生成（RAG）管道的開源框架，降低RAG幻覺，RAG與LLM提升品質。\n\n2026-05-18 調整後結果：UUID 型基線完成。 指標說明： i. uuid_recall' >> README.md"",
    ""git add README.md"",
    ""git commit -m '<COMMIT_MSG>'"",
    ""git push origin main""
  ]
}","git checkout main
git pull origin main
echo '## 參考來源

外部資源
NCU資工所人工智慧與知識系統實驗室，博士後研究員 黃鈺晴 (e-mail:<EMAIL>) 2026-05-17 討論平台改善空間，建議使用RAGAS，（Retrieval Augmented Generation Assessment）對RAG評估、測試和優化大型語言模型（LLM）中檢索增強生成（RAG）管道的開源框架，降低RAG幻覺，RAG與LLM提升品質。

2026-05-18 調整後結果：UUID 型基線完成。 指標說明： i. uuid_recall' >> README.md
git add README.md
git commit -m '<COMMIT_MSG>'
git push origin main",1,5861
6,2 規劃conditional expansion,"git status --short && echo ""---"" && git log --oneline -8",vector,"繼續Phase 2
指令：Bash, Read, Skill, ToolSearch, Write, mcp__plugin_chrome-devtools-mcp_chrome-devtools__navigate_page
---
實作下列方案：
指令：Bash, Edit, Read, Write
---
啟動前段設計的擴充元件或功能套件
指令：Bash, Edit, Read, Write","{
  ""commands"": [
    ""git checkout -b conditional-expansion"",
    ""git add docs/architecture.txt"",
    ""git commit -m '<COMMIT_MSG>'""
  ]
}","git checkout -b conditional-expansion
git add docs/architecture.txt
git commit -m '<COMMIT_MSG>'",1,2038
7,如何觸發 stop_hook,"echo ""=== sqlite-race-hardening-pr1 contains step2 tip? ===""
git merge-base --is-ancestor 880d58b sqlite-race-hardening-pr1 && echo ""YES, step2 已包含"" || echo ""NO""
echo
echo ""=== sqlite-race-hardening-pr1 contains step1 tip? ===""
git merge-base --is-ancestor 7a4a2ec sqlite-race-hardening-pr1 && echo ""YES, step1 已包含"" || echo ""NO""
echo
echo ""=== main 落後 sqlite-race-hardening-pr1 的 19 commits ===""
git log --oneline main..sqlite-race-hardening-pr1",vector,"你先暫停兩個hook 在做A
指令：Agent, AskUserQuestion, ToolSearch, Write
---
你先暫停兩個hook 在做A
指令：Edit, Read
---
改善 stop_hook.py 分兩次讀取
指令：Bash, Edit, Read, Skill, TaskCreate, TaskUpdate, Write","{""commands"": [""git checkout -b feature/stop-hook-improvement"", ""git add stop_hook.py"", ""git commit -m '<COMMIT_MSG>'"", ""git push origin feature/stop-hook-improvement""]}","git checkout -b feature/stop-hook-improvement
git add stop_hook.py
git commit -m '<COMMIT_MSG>'
git push origin feature/stop-hook-improvement",1,1891
8,請安裝openai套件,git diff layer_2_chamber/backend/db/schema_layer2.sql,vector,"麻煩你協助進行這項作業
指令：Bash
---
開啟網頁開發的模組或工具集
指令：Bash, Edit, Read, Write
---
啟用前端設計的插件或技能
指令：Bash, Edit, Read, Write","{
  ""commands"": [
    ""pip install openai""
  ]
}",pip install openai,1,1529
9,請安裝openai套件,"git add evaluation/layer2_report.py evaluation/reports/layer2_judge_reliability.md && git commit -m ""feat(evaluation): B.4 Layer 2 報告彙整

生成 layer2_judge_reliability.md：
- B.2 Kappa 狀態：尚無足夠多方投票（待 Gemini 配額重置）
- B.3 Faithfulness avg=0.55：輸出忠實度邊緣
- 決策表：標示待補充/review 項目
- 驗證指令：下次補跑的具體步驟

Co-Authored-By: Claude Haiku 4.5 <<EMAIL>>""",vector,"麻煩你協助進行這項作業
指令：Bash
---
開啟網頁開發的模組或工具集
指令：Bash, Edit, Read, Write
---
啟用前端設計的插件或技能
指令：Bash, Edit, Read, Write","{
  ""commands"": [
    ""pip install openai""
  ]
}",pip install openai,1,928
10,PR-D Grok rpm_limit這條不處理 請移除,"git diff --stat layer_1_memory/ evaluation/backfill_bge_m3.py 2>&1 && echo ""---"" && git status --short layer_1_memory/ evaluation/",vector,"敬請代為處理這個動作
指令：Bash
---
無法存取本機 8890 埠
指令：docker ps 2>&1 | head -3
---
整理出 Grok 的建議清單，請推敲哪些具備參考價值。

核心缺失與風險（直截了當）：
• 實證材料匱乏：程式碼庫的 Star 與 Fork 數均為零，最新發行版 v1.1.1 於 2026-04-29 才上線，未提供公開基準測試、實際採用數據、使用前後的對比分析或使用者心得。此類能自我迭代的架構，最棘手的是釐清正饋循環是否具備穩定收斂性，而非走向發散或觸發模式崩潰（mode collapse），造成產出日益重複卻劣化。現況僅屬「工程實作」層面，尚未展現「確實提升」的實質證據。
• Judge 與數據品質風險極高：仰仗外部封閉模型
指令：Bash, Edit, Read, Write","{ ""commands"": [ ""git rm -r --cached data/2026-05-20_shiba-brain.db.bak"", ""git rm -r --cached data/2026-05-20_shiba-brain.db.bge-m3-backfill.bak"", ""git rm -r --cached docs/2026-05-09_shiba-fine-tuning-long-tern-plan.md"", ""git rm -r --cached docs/2026-05-09_shiba-learning-roadmap.md"", ""git rm -r --cached docs/architecture.txt"", ""git rm -r --cached docs/archive/plans/2026-05-23-local-qwen-capability-validation.md"", ""git rm -r --cached docs/note/"", ""git rm -r --cached experiments/"" ] }","git rm -r --cached data/2026-05-20_shiba-brain.db.bak
git rm -r --cached data/2026-05-20_shiba-brain.db.bge-m3-backfill.bak
git rm -r --cached docs/2026-05-09_shiba-fine-tuning-long-tern-plan.md
git rm -r --cached docs/2026-05-09_shiba-learning-roadmap.md
git rm -r --cached docs/architecture.txt
git rm -r --cached docs/archive/plans/2026-05-23-local-qwen-capability-validation.md
git rm -r --cached docs/note/
git rm -r --cached experiments/",1,5155
11,幫我思考 從message會記錄所有的對話歷程 分類器目前用途是？,git diff --stat clients/base.py evaluation/c2_e2e_evaluation.py,vector,"處理日常類似今日所截取的人機對話片段時，該如何串連使用者文字描述與機器理解轉譯的操作指令？
指令：Bash
---
評估指定資料夾內所有設計方案的可行性，進行內容刪減與認知系統更新
指令：Bash, Edit, Read
---
目前進入延續前段因篇幅限制而暫停的對話。以下提供早期互動的整理。

摘要：
1. 主要需求與意圖：
    - **開頭觸發**：使用者傳送了「hi」——依據 CLAUDE.md 設定，必須讀取記錄並同步先前的會話……
指令：Read","{
  ""commands"": [
    ""grep -r 'classifier' docs/ 2>/dev/null | grep -v 'docs/architecture.txt'""
  ]
}",grep -r 'classifier' docs/ 2>/dev/null | grep -v 'docs/architecture.txt',1,2099
12,"This session is being continued from a previous conversation that ran out of context. The summary below covers the earlier portion of the conversation.

Summary:
1. Primary Request and Intent:
   This session continued from a context-summarized prior conversation focused on RAGAS evaluation framewor","git add clients/ && git commit -m ""$(cat <<'EOF'
refactor(pr-n-vendor-clients): temperature 提到 generate() 參數，預設 0.0

評估友善（deterministic）為預設。各 caller 不傳即得 0.0；需要多樣性者顯式傳。

異動：
- Anthropic：新增 `temperature: float = 0.0` keyword 參數
- Gemini：同上，串到 config_kwargs
- OpenAICompat / Ollama：既有 `temperature` 預設由 0.1 改為 0.0

驗證：4 個 client signature 一致，所有現有 caller（teacher_service、c2_e2e）
不傳 temperature 即拿 0.0；多樣性需求 caller 之後顯式傳。
EOF
)""",vector,"This session is being continued from a previous conversation that ran out of context. The summary below covers the earlier portion of the conversation.

Summary:
1. Primary Request and Intent:
   The conversation evolved through several distinct user requests:
   
   - **Initial request**: Verify if
指令：Agent, Bash, Edit, Read
---
This session is being continued from a previous conversation that ran out of context. The summary below covers the earlier portion of the conversation.

Summary:
1. Pri","{
  ""commands"": [
    ""git add data/2026-05-20_shiba-brain.db.bak data/2026-05-20_shiba-brain.db.bge-m3-backfill.bak docs/2026-05-09_shiba-fine-tuning-long-tern-plan.md docs/2026-05-09_shiba-learning-roadmap.md docs/architecture.txt docs/archive/plans/2026-05-23-local-qwen-capability-validation.md docs/note/ experiments/"",
    ""git commit -m <COMMIT_MSG>"",
    ""git push origin main""
  ]
}","git add data/2026-05-20_shiba-brain.db.bak data/2026-05-20_shiba-brain.db.bge-m3-backfill.bak docs/2026-05-09_shiba-fine-tuning-long-tern-plan.md docs/2026-05-09_shiba-learning-roadmap.md docs/architecture.txt docs/archive/plans/2026-05-23-local-qwen-capability-validation.md docs/note/ experiments/
git commit -m <COMMIT_MSG>
git push origin main",1,4442
13,"Base directory for this skill: <HOME>/.claude/plugins/cache/claude-plugins-official/superpowers/5.1.0/skills/brainstorming

# Brainstorming Ideas Into Designs

Help turn ideas into fully formed designs and specs through natural collaborative dialogue.

Start by understanding the current proj",git add docs/2026-05-21_refactor/2026-05-21_shiba-fine-tuning-refactor.md && git status --short,vector,"Base directory for this skill: <HOME>/.claude/plugins/cache/claude-plugins-official/superpowers/5.0.7/skills/brainstorming

# Brainstorming Ideas Into Designs

Help turn ideas into fully formed designs and specs through natural collaborative dialogue.

Start by understanding the current proj
指令：Agent
---
Base directory for this skill: <HOME>/.claude/plugins/cache/claude-plugins-official/superpowers/5.0.7/skills/writing-skills

# Writing Skills

## Overview

**Writing skills IS Te","{
  ""commands"": [
    ""cd <HOME>/.claude/plugins/cache/claude-plugins-official/superpowers/5.1.0/skills/brainstorming"",
    ""git status"",
    ""git add ."",
    ""git commit -m <COMMIT_MSG>"",
    ""git push origin main""
  ]
}","cd <HOME>/.claude/plugins/cache/claude-plugins-official/superpowers/5.1.0/skills/brainstorming
git status
git add .
git commit -m <COMMIT_MSG>
git push origin main",1,3095
14,請維護該專案readme.md,"git diff --stat && echo ""---"" && git status --short",vector,"提交更改至遠程存放區，並更新 README.md 與 CHANGELOG.md 檔案
指令：Bash, Read
---
Push 到 Remote 的當下，也請把 readme.md 和 changelog.md 寫入更新
指令：Bash, Edit, Read
---
將程式碼推送到遠端倉庫，並更新 README.md 與 CHANGELOG.md
指令：Bash, Read","{""commands"": [""git add README.md && git commit -m '<COMMIT_MSG>' && git push origin main"", ""git add CHANGELOG.md && git commit -m '<COMMIT_MSG>' && git push origin main""]}","git add README.md && git commit -m '<COMMIT_MSG>' && git push origin main
git add CHANGELOG.md && git commit -m '<COMMIT_MSG>' && git push origin main",1,2585
15,"Base directory for this skill: <HOME>/.claude/plugins/cache/claude-plugins-official/superpowers/5.1.0/skills/brainstorming

# Brainstorming Ideas Into Designs

Help turn ideas into fully formed designs and specs through natural collaborative dialogue.

Start by understanding the current proj","sqlite3 data/shiba-brain.db <<'SQL'
.headers on
.mode column
-- 從 exchange 的 user_text_preview 與 final_text_preview 中抓 git 子命令出現次數
WITH git_mentions AS (
  SELECT
    CASE
      WHEN final_text_preview LIKE '%git push%' OR user_text_preview LIKE '%git push%' THEN 'push'
      WHEN final_text_preview LIKE '%git pull%' OR user_text_preview LIKE '%git pull%' THEN 'pull'
      WHEN final_text_preview LIKE '%git commit%' OR user_text_preview LIKE '%git commit%' THEN 'commit'
      WHEN final_text_preview LIKE '%git status%' OR user_text_preview LIKE '%git status%' THEN 'status'
      WHEN final_text_preview LIKE '%git add%' OR user_text_preview LIKE '%git add%' THEN 'add'
      WHEN final_text_preview LIKE '%git checkout%' OR user_text_preview LIKE '%git checkout%' THEN 'checkout'
      WHEN final_text_preview LIKE '%git branch%' OR user_text_preview LIKE '%git branch%' THEN 'branch'
      WHEN final_text_preview LIKE '%git merge%' OR user_text_preview LIKE '%git merge%' THEN 'merge'
      WHEN final_text_preview LIKE '%git log%' OR user_text_preview LIKE '%git log%' THEN 'log'
      WHEN final_text_preview LIKE '%git diff%' OR user_text_preview LIKE '%git diff%' THEN 'diff'
      WHEN final_text_preview LIKE '%git stash%' OR user_text_preview LIKE '%git stash%' THEN 'stash'
      WHEN final_text_preview LIKE '%git rebase%' OR user_text_preview LIKE '%git rebase%' THEN 'rebase'
      WHEN final_text_preview LIKE '%git tag%' OR user_text_preview LIKE '%git tag%' THEN 'tag'
      ELSE NULL
    END AS subcmd
  FROM exchanges
  WHERE status='completed'
    AND (final_text_preview LIKE '%git %' OR user_text_preview LIKE '%git %')
)
SELECT subcmd, COUNT(*) AS hits
FROM git_mentions
WHERE subcmd IS NOT NULL
GROUP BY subcmd
ORDER BY hits DESC;
SQL",vector,"Base directory for this skill: <HOME>/.claude/plugins/cache/claude-plugins-official/superpowers/5.0.7/skills/brainstorming

# Brainstorming Ideas Into Designs

Help turn ideas into fully formed designs and specs through natural collaborative dialogue.

Start by understanding the current proj
指令：Agent
---
Base directory for this skill: <HOME>/.claude/plugins/cache/claude-plugins-official/superpowers/5.0.7/skills/writing-skills

# Writing Skills

## Overview

**Writing skills IS Te","{
  ""commands"": [
    ""cd <HOME>/.claude/plugins/cache/claude-plugins-official/superpowers/5.1.0/skills/brainstorming"",
    ""git add ."",
    ""git commit -m <COMMIT_MSG>"",
    ""git push""
  ]
}","cd <HOME>/.claude/plugins/cache/claude-plugins-official/superpowers/5.1.0/skills/brainstorming
git add .
git commit -m <COMMIT_MSG>
git push",1,2635
16,可以是各自的使用者，若我有對資料來源做標註(session對話來自哪一個claude使用者 ip多少） 也可以是全部的使用者統一回應 我說的有問題嗎？,"git add scripts/backfill_embeddings.py scripts/make_analysis_copy.sh && git commit -m ""$(cat <<'EOF'
feat(scripts): exchange_embeddings backfill + DBeaver 安全副本工具

- backfill_embeddings.py：從 exchanges 重建歷史 embedding（48→1458 筆，35 sessions）
- make_analysis_copy.sh：VACUUM INTO 建立隔離副本，避免 DBeaver 持 SHARED lock 導致 corruption

Co-Authored-By: Claude Sonnet 4.6 <<EMAIL>>
EOF
)""",vector,"目前進入延續前段因篇幅限制而暫停的對話。以下提供早期互動的整理。

摘要：
1. 主要需求與意圖：
    - **開頭觸發**：使用者傳送了「hi」——依據 CLAUDE.md 設定，必須讀取記錄並同步先前的會話……
指令：Read
---
目前連線接續自先前已超出上下文限制的對話。以下內容為早期往來的摘要記錄。

摘要：
1. 主要請求與意圖：
    - **初始觸發點**：使用者說了「hi」——遵照 CLAUDE.md 規則，載入記憶資料並回報上一回話的狀態。
指令：Bash, Edit, Read
---
本次對話承接先前因上下文耗盡而中斷的討論。以下摘要涵蓋了早期的對話內容。

摘要：
1. 主要需求與意圖：
    - **初始觸發**：使用者輸入「hi」——依 CLAUDE.md 規範，我需載入記憶並回報前次會話……
指令：Read","{
  ""commands"": [
    ""git add data/2026-05-20_shiba-brain.db.bak data/2026-05-20_shiba-brain.db.bge-m3-backfill.bak docs/2026-05-09_shiba-fine-tuning-long-tern-plan.md docs/2026-05-09_shiba-learning-roadmap.md docs/architecture.txt docs/archive/plans/2026-05-23-local-qwen-capability-validation.md docs/note/ experiments/"",
    ""git commit -m '<COMMIT_MSG>'""
  ]
}","git add data/2026-05-20_shiba-brain.db.bak data/2026-05-20_shiba-brain.db.bge-m3-backfill.bak docs/2026-05-09_shiba-fine-tuning-long-tern-plan.md docs/2026-05-09_shiba-learning-roadmap.md docs/architecture.txt docs/archive/plans/2026-05-23-local-qwen-capability-validation.md docs/note/ experiments/
git commit -m '<COMMIT_MSG>'",1,4490
17,"1. **增加 `exchange_embeddings` 覆蓋率**（paraphrase job 已在跑，但只有 48 筆，需要 backfill）
2. 方案 A（FTS5 trigram）是 fallback 路徑的補強，不是主線",git diff --stat,vector,"Implement the following plan:

# Plan：修復 FTS5 內容為空導致 RAG 無效

## Context

Phase 1 驗證發現：stop_hook 寫入 sessions_fts 時，`content_summary` 全為空字串。
根因：`_build_fts_summary()` 只取 `msg.content`（純文字），但 terminal_ops 等 session
的訊息幾乎全是工具呼叫，`content` 欄位為空。
FTS5 無可搜尋內容 → RAG 回傳 3 筆空殼記憶 → session_start_hook 注入無意義內容。
指令：Bash, Edit, Grep, Read
---
Implement the following plan:

# Plan：修復 FTS5 內容為空導致 RAG 無效

## Context

Phase 1 驗證發現：stop_hook 寫入 sessions_fts 時，`content_summary` 全為空字串。
根因：`_build_fts_summary()` 只取 `ms","{
  ""commands"": [
    ""git checkout -b fix-ft5-empty-content"",
    ""git add ."",
    ""git commit -m '<COMMIT_MSG>'"",
    ""git push -u origin fix-ft5-empty-content""
  ]
}","git checkout -b fix-ft5-empty-content
git add .
git commit -m '<COMMIT_MSG>'
git push -u origin fix-ft5-empty-content",1,3127
18,讓我執行 git log --oneline -5,git log --oneline -5,vector,"幫我執行 git log –oneline -10
指令：Bash
---
請運行 git log --oneline -10 指令
指令：Bash
---
執行 git log 的 --oneline 參數並顯示最新 10 筆記錄
指令：Bash","{
  ""commands"": [
    ""git log --oneline -5""
  ]
}",git log --oneline -5,1,1335
19,幫我思考 從message會記錄所有的對話歷程 分類器目前用途是？,"git add docs/archive/plans/2026-05-21-pr-n-judge-noise-and-golden-set.md && git commit -m ""$(cat <<'EOF'
docs(pr-n): PR-N 計畫記錄（judge noise 治理 + golden set 擴增）

聚焦 RAGAS 評估兩大瓶頸：
- N.1：vendor client temperature 參數化（預設 0）+ c2_e2e --n-runs flag → 量化新 noise floor ≤ 0.15
- N.2：golden set 16 → 50+ 題，雙 baseline 重跑（Claude / Qwen），子集差 ≤ 0.5

棄計畫前置：[[2026-05-21-conditional-expansion]]（auto:2 Δ=−0.45）
EOF
)""",vector,"處理日常類似今日所截取的人機對話片段時，該如何串連使用者文字描述與機器理解轉譯的操作指令？
指令：Bash
---
評估指定資料夾內所有設計方案的可行性，進行內容刪減與認知系統更新
指令：Bash, Edit, Read
---
目前進入延續前段因篇幅限制而暫停的對話。以下提供早期互動的整理。

摘要：
1. 主要需求與意圖：
    - **開頭觸發**：使用者傳送了「hi」——依據 CLAUDE.md 設定，必須讀取記錄並同步先前的會話……
指令：Read","{
  ""commands"": [
    ""git diff --name-only --cached""
  ]
}",git diff --name-only --cached,1,1562
20,"Phase C 是否仍有待處理 C.1
EZE Golden Q&A #* $
+ 標準答案
Opus
high
C.2-C.3
EZE
pipeline + 雙模型基線
Sonnet
medium
C.4
CI
週度採樣機制
Haiku
low","git add layer_2_chamber/backend/core/config.py layer_2_chamber/backend/db/schema_layer2.sql && git commit -m ""$(cat <<'EOF'
feat(pr-a-rpm-schema): 新增 RPM 速率限制欄位與 migration

Schema 變更（teachers 表）：
- rpm_limit: 每分鐘請求上限（NULL = 不限）
- rpm_window_start: 60s 窗口起點（ISO8601）
- rpm_count_in_window: 窗口內已消耗請求數
- transient_backoff_until: RPM 超限短暫回退結束時間

Migration E（幂等）：
- Gemini Flash: rpm=10（Free Tier）
- Gemini Flash-Lite: rpm=15 + daily_request_limit 250→1000
- Claude Sonnet: rpm=50（Tier 1 conservative）
- Local/XAI: rpm=NULL（不限）

目的：區分短暫 RPM 超限（60s 回退）vs 每日配額耗盡（24h 封鎖）

Co-Authored-By: Claude Sonnet 4.6 <<EMAIL>>
EOF
)""",vector,"尚餘幾個階段
指令：Agent, Bash
---
調整投入層級至宜中水平：運用兼顧方案，落實規範執行及檢驗程序
指令：Edit, Read
---
本次連線承接自先前因上下文長度達上限而中斷的對話。以下摘要涵蓋了對話早期階段的重點。

摘要：
1. 核心要求與意圖：
   本計畫繼續推進 `shiba-fine-tuning-project`（一個 4-
指令：Edit","{""commands"": [""git add data/2026-05-20_shiba-brain.db.bak"", ""git add data/2026-05-20_shiba-brain.db.bge-m3-backfill.bak"", ""git add docs/2026-05-09_shiba-fine-tuning-long-tern-plan.md"", ""git add docs/2026-05-09_shiba-learning-roadmap.md"", ""git add docs/architecture.txt"", ""git add docs/archive/plans/2026-05-23-local-qwen-capability-validation.md"", ""git add docs/note/"", ""git add experiments/""]}","git add data/2026-05-20_shiba-brain.db.bak
git add data/2026-05-20_shiba-brain.db.bge-m3-backfill.bak
git add docs/2026-05-09_shiba-fine-tuning-long-tern-plan.md
git add docs/2026-05-09_shiba-learning-roadmap.md
git add docs/architecture.txt
git add docs/archive/plans/2026-05-23-local-qwen-capability-validation.md
git add docs/note/
git add experiments/",1,4365
21,請問我該依據怎樣的準則決定保留、drop,"git status -s && echo ""---"" && git log --oneline main..HEAD | head -25 && echo ""---CHANGELOG head---"" && head -30 CHANGELOG.md 2>/dev/null",vector,"因此，決定接受或捨棄是由我自己點擊嗎？
指令：Bash, Edit, Read, Write
---
所以是否由我親自點擊來決定採納或拒絕？
指令：Bash, Edit, Read, Write
---
所以採納或拒絕是我自己點擊？
指令：Bash, Edit, Read, Write","{
  ""commands"": [
    ""git add data/2026-05-20_shiba-brain.db.bak && git add data/2026-05-20_shiba-brain.db.bge-m3-backfill.bak && git add docs/2026-05-09_shiba-fine-tuning-long-tern-plan.md && git add docs/2026-05-09_shiba-learning-roadmap.md && git add docs/architecture.txt && git add docs/archive/plans/2026-05-23-local-qwen-capability-validation.md && git add docs/note/ && git add experiments/"",
    ""git commit -m <COMMIT_MSG>""
  ]
}","git add data/2026-05-20_shiba-brain.db.bak && git add data/2026-05-20_shiba-brain.db.bge-m3-backfill.bak && git add docs/2026-05-09_shiba-fine-tuning-long-tern-plan.md && git add docs/2026-05-09_shiba-learning-roadmap.md && git add docs/architecture.txt && git add docs/archive/plans/2026-05-23-local-qwen-capability-validation.md && git add docs/note/ && git add experiments/
git commit -m <COMMIT_MSG>",1,4539
22,"<task-notification>
<task-id>bgsnzd8zi</task-id>
<tool-use-id>toolu_01A23ySX2kjSPEUQEYGC7ZfU</tool-use-id>
<output-file>/private/tmp/claude-501/-Users-surpend-Developer-01-project-shiba-fine-tuning-project/d284020b-5266-4289-afde-2f23c67bcd94/tasks/bgsnzd8zi.output</output-file>
<status>completed</s",git checkout -b pr-n-judge-noise-and-golden-set,vector,"echo '{""session_id"":""test"",""cwd"":""<HOME>/Developer/01_project/shiba-fine-tuning-project"",""prompt"":""terminal bash""}' \| <HOME>/.local-brain/venv/bin/python3 \layer_1_memory/hooks/session_start_hook.py 2>/dev/null
{""session_id"":""test"",""cwd"":""<HOME>/Developer/01_project/shiba-fi
指令：Skill
---
echo '{""session_id"":""test"",""cwd"":""<HOME>/Developer/01_project/shiba-fine-tuning-project"",""prompt"":""terminal bash""}' \| <HOME>/.local-brain/venv/bin/python3 \layer_1_memor","{
  ""commands"": [
    ""git add ."",
    ""git commit -m <COMMIT_MSG>"",
    ""git push origin main""
  ]
}","git add .
git commit -m <COMMIT_MSG>
git push origin main",1,2586
23,"Base directory for this skill: <HOME>/.claude/skills/shiba-dev-cycle

# Shiba Dev Cycle

## Overview

每個實作單元必須經過五個階段，缺一不可。Claude 不得跳過或合併階段。

## 五階段循環

```
PLAN → DISCUSS → AGREE → IMPLEMENT → VERIFY
  ↑                                      |
  └──────────── next phase ──────────────┘
```

##","for b in sqlite-race-hardening-pr1 yaml-schema-1-yaml-2-4-glimmering-candy-step1 yaml-schema-1-yaml-2-4-glimmering-candy-step2 claude/blissful-austin-735420; do
  echo ""=== $b ===""
  echo ""ahead/behind vs main: $(git rev-list --left-right --count main...$b 2>/dev/null)""
  echo ""last commit: $(git log -1 --format='%h %ad %s' --date=short $b 2>/dev/null)""
done",vector,"Base directory for this skill: <HOME>/.claude/plugins/cache/claude-plugins-official/superpowers/5.0.7/skills/writing-skills

# Writing Skills

## Overview

**Writing skills IS Test-Driven Development applied to process documentation.**

**Personal skills live in agent-specific directories (`
指令：Bash, Write
---
Base directory for this skill: <HOME>/.claude/plugins/cache/claude-plugins-official/superpowers/5.0.7/skills/writing-skills

# Writing Skills

## Overview

**Writing skills","{ ""commands"": [ ""git add -u"", ""git commit -m '<COMMIT_MSG>'"", ""git push"" ] }","git add -u
git commit -m '<COMMIT_MSG>'
git push",1,2846
24,先根據本次對話內容進行規劃 主要目標，當有推出新模型，下載並經過yaml檔定義好相關參數並可使用時，原有schema或其他已完成的歷史訓練集可以快速將資訊讓新模型學會：1.前端模型可彈性切換，並對每一個模型建立對應yaml檔 2.[4. 模式：除了「建議注入」還有什麼]裡面模式可以先記錄下來但這次不考慮 3.一些簡要任務請使用agent去完成跟驗證 4.規劃請列出建議使用的/model與/effort 5.請根據需求使用plugin或skill,"git status --short && echo ""---"" && git branch --show-current && echo ""---"" && ollama list 2>&1 | head -20",vector,"先根據本次對話內容進行規劃 主要目標，當有推出新模型，下載並經過yaml檔定義好相關參數並可使用時，原有schema或其他已完成的歷史訓練集可以快速將資訊讓新模型學會：1.前端模型可彈性切換，並對每一個模型建立對應yaml檔 2.[4. 模式：除了「建議注入」還有什麼]裡面模式可以先記錄下來但這次不考慮 3.一些簡要任務請使用agent去完成跟驗證 4.規劃請列出建議使用的/model與/effort 5.請根據需求使用plugin或skill
指令：Bash, Read
---
綜合本次對話內容確立主要目標。針對新推出之模型，應即時下載並借助 YAML 檔案完成參數配置以便啟用，使現有 Schema 與已完成的歷史數據能快速賦能新模型。要點如下：1. 前端維持模型彈性替換機制，各模型皆需配對專屬 YAML 檔；2. 「[4. 模式：除了「建議注入」還有什麼]」所指的模式先予備註，本期暫不納入；3. 輕量任務採用 Agent 進行處理與驗收；4. 規劃內容需標示建議的 /model 與 /effort；5. 依照需求靈活啟用 Plugin 或 Skill。
指令：Bash, Read
","{
  ""commands"": [
    ""git checkout -b feature/new-model-configuration"",
    ""mkdir -p configs/models"",
    ""touch configs/models/new_model.yaml"",
    ""echo \""model_name: new_model\\nparameters:\\n  - param1: value1\\n  - param2: value2\"" > configs/models/new_model.yaml"",
    ""git add configs/models/new_model.yaml"",
    ""git commit -m <COMMIT_MSG>""
  ]
}","git checkout -b feature/new-model-configuration
mkdir -p configs/models
touch configs/models/new_model.yaml
echo ""model_name: new_model\nparameters:\n  - param1: value1\n  - param2: value2"" > configs/models/new_model.yaml
git add configs/models/new_model.yaml
git commit -m <COMMIT_MSG>",1,4351
25,現在評分 AI API會有歷程紀錄可以看到嗎？ 每次請求的資訊,"git add evaluation/golden_set_builder.py evaluation/ragas_runner.py && git commit -m ""$(cat <<'EOF'
refactor(pr-d-ragas-anthropic-refactor): golden_set_builder Anthropic 改用 teacher_service 基礎設施 + ragas_runner Flash 速率保護

- golden_set_builder.annotate_with_claude：改走 teacher_service._call_anthropic + get_api_key
  - 移除 langchain-anthropic 依賴，統一從 Keychain（fallback env）取 key
  - 加 keychain_ref/api_base/effort 參數，與 teacher 同條設定路徑
- ragas_runner._judge_gemini 後加 sleep(12)：Flash 評分節點即使 Paid Tier 也預留間隔，避免連續送單批 31 query 短時間貼近上限

Co-Authored-By: Claude Opus 4.7 <<EMAIL>>
EOF
)""",vector,"截至目前，從何處能獲取全部API的資訊，並確認是否存在類似Swagger的說明機制可供參考？
指令：Bash
---
到目前為止，從哪裡能取得所有API的文檔，是否提供類似Swagger的參考機制？
指令：Bash
---
現在，有哪個資源能提供各個API的詳細資料，並且有沒有具備類似Swagger的功能供查閱？
指令：Bash","{
  ""commands"": [
    ""git log -p --grep='API request' --oneline"",
    ""grep -r 'API request' .""
  ]
}","git log -p --grep='API request' --oneline
grep -r 'API request' .",1,1851
26,先不用 理想是 各個layer分拆成小型微服務 將layer流程解構,"git add layer_1_memory/hooks/stop_hook.py layer_2_chamber/backend/services/multi_judge.py layer_2_chamber/backend/services/teacher_service.py scripts/e2e_pr2_smoke.py CHANGELOG.md && git commit -m ""$(cat <<'EOF'
fix(sqlite-pr2): 事務原子化 — stop_hook 4 段切分 + multi_judge 三欄共一事務

Step 5：stop_hook 拆 A/B/C/D 四段獨立 try/except，任一段失敗即 re-raise
讓 get_connection 統一 rollback（讀法 B：保 FK 完整性）。
Step 6：multi_judge_score 將 status/score/weight 包進同一 with conn:，
teacher_service._update_sample_score 移除內層 commit，徹底消除部分寫入。
quota 計數仍獨立 commit。

驗證：unit test 全綠 + dry run + E2E smoke（scripts/e2e_pr2_smoke.py
兩案 docker 容器內通過）。

Co-Authored-By: Claude Sonnet 4.6 <<EMAIL>>
EOF
)""",vector,"首先請跟我探討前端怎麼使用，等這項溝通完成之後，不要進行任何清理動作，要留著給後續做多版本測試。
指令：Bash, Edit
---
1. 跟我討論前端如何使用 2. 等1.完成後 3.不用要清用來測試多版本
指令：Bash, Edit
---
先處理其他階段
指令：Bash, Edit, Grep, Read","{
  ""commands"": [
    ""git checkout -b feature/layer-decomposition"",
    ""mkdir -p src/layer1 src/layer2 src/layer3"",
    ""echo 'Layer decomposition plan: 1. Auth layer 2. Data layer 3. API layer' > src/layer-decomposition-plan.md""
  ]
}","git checkout -b feature/layer-decomposition
mkdir -p src/layer1 src/layer2 src/layer3
echo 'Layer decomposition plan: 1. Auth layer 2. Data layer 3. API layer' > src/layer-decomposition-plan.md",1,2568
27,"<task-notification>
<task-id>bwp946m2n</task-id>
<tool-use-id>toolu_016NEtLgKKYkSGB8VyzELffq</tool-use-id>
<output-file>/private/tmp/claude-501/-Users-surpend-Developer-01-project-shiba-fine-tuning-project/d284020b-5266-4289-afde-2f23c67bcd94/tasks/bwp946m2n.output</output-file>
<status>completed</s","git log --oneline -3 && echo ""---"" && git tag -a v1.6.0 -m ""$(cat <<'EOF'
v1.6.0 — RAGAS 評估框架 + Teacher 配額治理 + clients 共用包 + bge-m3 中文召回升級

主要成果：
- RAGAS Phase 0/A/B/C 全部落地（golden_set 31 筆、Recall@3 0.744、C.1 expected_answer 28/31、C.2/C.3 E2E baseline、C.4 launchd 週度 CI）
- Teacher 配額治理 PR-A~D：Gemini Paid Tier 升級 + RPM slot 原子消耗 + 429 分流 + PT 午夜重置 + AnthropicClient + OpenAICompatClient
- clients/ 共用包：base + 4 vendor (gemini/anthropic/openai_compat/ollama) + AIErrorCategory 三類 + ai_api_call_logs
- bge-m3 swap：nomic-embed-text → bge-m3（1024-dim），2263 exchange backfill
- 韌性強化 PR-G/I/K：thinking-mode 關閉 + schema-drift / tz-bug / exponential backoff [5,15,30,60]

C.2/C.3 bge-m3 baseline：Qwen 5.39（+0.16）/ Claude 5.14（−0.34），雜訊範圍；
RAG 召回仍為主瓶頸（生成模型差異 < 召回變化不確定性）。

詳見 CHANGELOG.md [1.6.0]。
EOF
)"" && echo ""---tag---"" && git tag --sort=-creatordate | head -3",vector,"echo '{""session_id"":""test"",""cwd"":""<HOME>/Developer/01_project/shiba-fine-tuning-project"",""prompt"":""terminal bash""}' \| <HOME>/.local-brain/venv/bin/python3 \layer_1_memory/hooks/session_start_hook.py 2>/dev/null
{""session_id"":""test"",""cwd"":""<HOME>/Developer/01_project/shiba-fi
指令：Skill
---
echo '{""session_id"":""test"",""cwd"":""<HOME>/Developer/01_project/shiba-fine-tuning-project"",""prompt"":""terminal bash""}' \| <HOME>/.local-brain/venv/bin/python3 \layer_1_memor","{
  ""commands"": [
    ""git add ."",
    ""git commit -m '<COMMIT_MSG>'"",
    ""git push origin main""
  ]
}","git add .
git commit -m '<COMMIT_MSG>'
git push origin main",1,2464
28,"這兩份是個人學習檔案 - docs/2026-05-09_shiba-fine-tuning-long-tern-plan.md
  - docs/2026-05-09_shiba-learning-roadmap.md 無需處理 請從task移除","git status && echo ""---@{upstream}...HEAD---"" && git diff @{upstream}...HEAD --stat 2>&1 | head -30 && echo ""---HEAD (working tree)---"" && git diff HEAD --stat",vector,"檢查<HOME>/Developer/01_project/shiba-fine-tuning-project/ 內所有plan是否需精簡 並整理 更新記憶
指令：Bash, Edit, Read
---
需於readme.md列出我們的參考來源/shiba-fine-tuning-project/docs/references-blog、references-git、references-paper 4篇論文 與1篇blog 以及git 開源claudest
指令：Bash, Edit
---
檢視 <HOME>/Developer/01_project/shiba-fine-tuning-project/ 目錄下所有計畫文件是否需壓縮簡化，並統整更新記憶紀錄
指令：Bash, Edit, Read","{""commands"": [""git rm docs/2026-05-09_shiba-fine-tuning-long-tern-plan.md && git rm docs/2026-05-09_shiba-learning-roadmap.md && git commit -m <COMMIT_MSG>""]}",git rm docs/2026-05-09_shiba-fine-tuning-long-tern-plan.md && git rm docs/2026-05-09_shiba-learning-roadmap.md && git commit -m <COMMIT_MSG>,1,2617
29,做PR-A完成後請讓我切換模型,"git commit -m ""$(cat <<'EOF'
feat(evaluation): RAGAS Phase 0+A.1+A.2 框架 + Anthropic teacher 接入

Phase 0：建立 evaluation/ 目錄、migration（3 表）、schemas.py 資料結構
- evaluation_results / retrieval_golden_set / judge_agreement_logs
- RetrievalSample / EvalResult dataclasses

A.1：retrieve_for_eval() read-only 召回 API（不動 hot path）
- 向量優先、FTS5 fallback，輸出結構化 dict 供 RAGAS 計算

A.2：golden_set_builder.py 半自動建構工具
- 4 個 action：sample / preview / annotate / review
- 候選池=vector top 15 + FTS5 top 5 合併去重
- Claude 標註 prompt 走「寧缺勿濫」原則，輸出 JSON
- _BLACKLIST 排除「好/ok/繼續」等無意義 query
- 同步 _vector_search 的高發散 instruction 過濾

Anthropic teacher 接入
- teacher_service._call_anthropic()：urllib + anthropic-version 2023-06-01
- output_config.effort 預設 medium（依 RAGAS metric 可調 low/high）
- score_sample / call_teacher_for_test 兩處 dispatch 新增 anthropic 分支
- teachers id=5 Claude Sonnet 4.6 啟用（keychain_ref=anthropic-api-key）

Plan 修訂（2026-05-17-ragas-evaluation.md）
- 0.1.1 judge 選型矩陣（避循環依賴：A/B 走 local qwen3:30b，C 才走 Claude）
- 0.1.2 effort × RAGAS metric 對應表
- A.2 改用 exchange_embeddings.instruction（sessions.context_summary 全 NULL）
- 成本下修 \$15-20 → \$5-10

Co-Authored-By: Claude Sonnet 4.6 <<EMAIL>>
EOF
)""",vector,"完成C-1 C-3 A-1 A-3 D-1到D-3流程後暫停，以便我進行模型切換
指令：Bash, Edit, Read, Write
---
執行C-1 C-3 A-1 A-3 D-1至D-3，結束後暫停讓我切換模型
指令：Bash, Edit, Read, Write
---
go C-1 C-3 A-1 A-3 D-1~D-3 完成後暫停讓我切換模型
指令：Bash, Edit, Read, Write","{
  ""commands"": [
    ""git checkout -b PR-A"",
    ""git add ."",
    ""git commit -m '<COMMIT_MSG>'"",
    ""git push origin PR-A""
  ]
}","git checkout -b PR-A
git add .
git commit -m '<COMMIT_MSG>'
git push origin PR-A",1,1928
30,是否有git push remote做commit?,"git add layer_1_memory/lib/rag.py layer_2_chamber/backend/services/teacher_service.py && git commit -m ""$(cat <<'EOF'
fix: RAG 召回閾值降至 0.35，Gemini REST 強制 JSON 回傳

- rag.py：cosine 相似度門檻 0.5 → 0.35，提高中文語意召回率
- teacher_service.py：_call_gemini_rest 加 responseMimeType=application/json，避免 unquoted keys 解析錯誤

Co-Authored-By: Claude Sonnet 4.6 <<EMAIL>>
EOF
)""",vector,"是否有git push remote做commit?
指令：Bash, Edit, Read
---
是否有gi push remote做commit?
指令：Bash, Edit, Read
---
是否有gi push remote做commit?
指令：Bash, Edit, Read, Write","{""commands"": [""git push origin main""]}",git push origin main,1,989
