sample_id,session_id,exchange_id,instruction,gold_commands
1,170,128033,commit 這個 backfill 腳本跟 make_analysis_copy.sh,git log --oneline -3 2>&1
2,228,253484,"1.目前已經是Gemini付費方案 所以請更新 RPD機制 Model    Category    RPM    TPM    RPD
Gemini 2.5 Flash    Text-out models    6 / 1K    1.57K / 1M    25 / 10K
Gemini 2.5 Flash Lite    Text-out models    11 / 4K    4.07K / 4M    20 / Unlimited
但不要貼近上限 取用也請預留3-5秒的間隔 2.新增功能 需要將每次取用AI model 的歷程記錄建立DB schema保留下來 使用哪個API路徑","git add layer_2_chamber/backend/core/config.py && git commit -m ""$(cat <<'EOF'
feat(pr-b-gemini-paid-tier-quota): 升 Gemini Paid Tier，DB migration 預設值改 50% buffer

Paid Tier 上限：Flash 1000RPM/10000RPD、Flash-Lite 4000RPM/Unlimited。
取 50% buffer 避免貼近上限：
- gemini-2.5-flash：RPM=500、daily_request_limit=5000
- gemini-2.5-flash-lite：RPM=2000、daily_request_limit=999999

注意：本次只動 _run_rpm_migration 預設值（為新建 DB 用），現存 DB 已直接 UPDATE 同步。

Co-Authored-By: Claude Opus 4.7 <<EMAIL>>
EOF
)"""
3,15,14964,每 15 分鐘自動掃描變體不足的 instruction，呼叫 Qwen 生成 5 種同義說法並寫入 embedding。我想知道這個任務目前如何,"git -C <HOME>/Developer/01_project/shiba-fine-tuning-project add tests/layer2/test_pipeline.py layer_1_memory/db/schema.sql && git -C <HOME>/Developer/01_project/shiba-fine-tuning-project commit -m ""$(cat <<'EOF'
fix(tests): pipeline test seed 補完、status 斷言修正

- _seed_tool_execution 補 input_cmd（Bash 預設 git commit，其他補 file_path）
- block1 event type（git_ops/code_gen）需有 tool_executions 才能抽取指令
- training_samples 初始 status 為 raw（非 pending），修正斷言
- schema.sql exchange_embeddings 補 source_instruction 欄位

Co-Authored-By: Claude Sonnet 4.6 <<EMAIL>>
EOF
)"" 2>&1"
4,83,24861,"Here is grok suggestion, let thinking 哪些是可納入考量的建議內

重大缺點與風險（直白批評）：
•  目前幾乎沒有實證證據：Repo stars/forks 都是 0，上線時間很短（v1.1.1 剛在 2026-04-29），沒有任何公開 benchmark、採納率數據、before/after 比較、用戶反饋。這類自我進化系統最難的是正向回饋循環是否真的收斂，而不是發散或產生模式崩壞（mode collapse）、重複性更高但品質更低的輸出。目前看來還停在「工程實現」階段，缺乏「它真的變得更好」的證明。
•  Judge 與資料品質風險極高：依賴外部閉源","git status; echo ""---""; head -80 README.md"
5,196,186232,"請幫我到git branch main維護readme.md更新當前狀態 並將此段 參考來源
外部資源
NCU資工所人工智慧與知識系統實驗室，博士後研究員 黃鈺晴 (e-mail:<EMAIL>) 2026-05-17 討論平台改善空間，建議使用RAGAS，（Retrieval Augmented Generation Assessment）對RAG評估、測試和優化大型語言模型（LLM）中檢索增強生成（RAG）管道的開源框架，降低RAG幻覺，RAG與LLM提升品質。

2026-05-18 調整後結果：UUID 型基線完成。 指標說明： i. uuid_recall","git add evaluation/ragas_runner.py && git commit -m ""$(cat <<'EOF'
feat(evaluation): A.3 ragas_runner Layer 1 召回評估

- UUID 型指標：uuid_recall / uuid_precision / hit@1 / mrr（deterministic）
- LLM ctx_relevance judge：local qwen3:30b-a3b + Gemini 2.5 Flash
- qwen3 走 Ollama native /api/generate（think:false），繞過 OpenAI-compat
  接口把 reasoning 誤放 content 欄位的問題
- Gemini 配額耗盡時靜默跳過，不中斷整批執行
- CLI：--judge local|gemini|both|none，--top-n，--run-id
- 結果寫入 evaluation_results（run_id 區分每次執行）

A.3 基線（28 筆 golden set，top_n=3）：
  recall=0.744  precision=0.613  hit@1=0.643  mrr=0.762
  ctx_relevance_local=0.691（qwen3:30b-a3b）

Co-Authored-By: Claude Sonnet 4.6 <<EMAIL>>
EOF
)"""
6,282,353228,2 規劃conditional expansion,"git status --short && echo ""---"" && git log --oneline -8"
7,180,140774,如何觸發 stop_hook,"echo ""=== sqlite-race-hardening-pr1 contains step2 tip? ===""
git merge-base --is-ancestor 880d58b sqlite-race-hardening-pr1 && echo ""YES, step2 已包含"" || echo ""NO""
echo
echo ""=== sqlite-race-hardening-pr1 contains step1 tip? ===""
git merge-base --is-ancestor 7a4a2ec sqlite-race-hardening-pr1 && echo ""YES, step1 已包含"" || echo ""NO""
echo
echo ""=== main 落後 sqlite-race-hardening-pr1 的 19 commits ===""
git log --oneline main..sqlite-race-hardening-pr1"
8,196,186878,請安裝openai套件,git diff layer_2_chamber/backend/db/schema_layer2.sql
9,196,185841,請安裝openai套件,"git add evaluation/layer2_report.py evaluation/reports/layer2_judge_reliability.md && git commit -m ""feat(evaluation): B.4 Layer 2 報告彙整

生成 layer2_judge_reliability.md：
- B.2 Kappa 狀態：尚無足夠多方投票（待 Gemini 配額重置）
- B.3 Faithfulness avg=0.55：輸出忠實度邊緣
- 決策表：標示待補充/review 項目
- 驗證指令：下次補跑的具體步驟

Co-Authored-By: Claude Haiku 4.5 <<EMAIL>>"""
10,282,354926,PR-D Grok rpm_limit這條不處理 請移除,"git diff --stat layer_1_memory/ evaluation/backfill_bge_m3.py 2>&1 && echo ""---"" && git status --short layer_1_memory/ evaluation/"
11,282,353901,幫我思考 從message會記錄所有的對話歷程 分類器目前用途是？,git diff --stat clients/base.py evaluation/c2_e2e_evaluation.py
12,282,353074,"This session is being continued from a previous conversation that ran out of context. The summary below covers the earlier portion of the conversation.

Summary:
1. Primary Request and Intent:
   This session continued from a context-summarized prior conversation focused on RAGAS evaluation framewor","git add clients/ && git commit -m ""$(cat <<'EOF'
refactor(pr-n-vendor-clients): temperature 提到 generate() 參數，預設 0.0

評估友善（deterministic）為預設。各 caller 不傳即得 0.0；需要多樣性者顯式傳。

異動：
- Anthropic：新增 `temperature: float = 0.0` keyword 參數
- Gemini：同上，串到 config_kwargs
- OpenAICompat / Ollama：既有 `temperature` 預設由 0.1 改為 0.0

驗證：4 個 client signature 一致，所有現有 caller（teacher_service、c2_e2e）
不傳 temperature 即拿 0.0；多樣性需求 caller 之後顯式傳。
EOF
)"""
13,321,358808,"Base directory for this skill: <HOME>/.claude/plugins/cache/claude-plugins-official/superpowers/5.1.0/skills/brainstorming

# Brainstorming Ideas Into Designs

Help turn ideas into fully formed designs and specs through natural collaborative dialogue.

Start by understanding the current proj",git add docs/2026-05-21_refactor/2026-05-21_shiba-fine-tuning-refactor.md && git status --short
14,18,16454,請維護該專案readme.md,"git diff --stat && echo ""---"" && git status --short"
15,370,370152,"Base directory for this skill: <HOME>/.claude/plugins/cache/claude-plugins-official/superpowers/5.1.0/skills/brainstorming

# Brainstorming Ideas Into Designs

Help turn ideas into fully formed designs and specs through natural collaborative dialogue.

Start by understanding the current proj","sqlite3 data/shiba-brain.db <<'SQL'
.headers on
.mode column
-- 從 exchange 的 user_text_preview 與 final_text_preview 中抓 git 子命令出現次數
WITH git_mentions AS (
  SELECT
    CASE
      WHEN final_text_preview LIKE '%git push%' OR user_text_preview LIKE '%git push%' THEN 'push'
      WHEN final_text_preview LIKE '%git pull%' OR user_text_preview LIKE '%git pull%' THEN 'pull'
      WHEN final_text_preview LIKE '%git commit%' OR user_text_preview LIKE '%git commit%' THEN 'commit'
      WHEN final_text_preview LIKE '%git status%' OR user_text_preview LIKE '%git status%' THEN 'status'
      WHEN final_text_preview LIKE '%git add%' OR user_text_preview LIKE '%git add%' THEN 'add'
      WHEN final_text_preview LIKE '%git checkout%' OR user_text_preview LIKE '%git checkout%' THEN 'checkout'
      WHEN final_text_preview LIKE '%git branch%' OR user_text_preview LIKE '%git branch%' THEN 'branch'
      WHEN final_text_preview LIKE '%git merge%' OR user_text_preview LIKE '%git merge%' THEN 'merge'
      WHEN final_text_preview LIKE '%git log%' OR user_text_preview LIKE '%git log%' THEN 'log'
      WHEN final_text_preview LIKE '%git diff%' OR user_text_preview LIKE '%git diff%' THEN 'diff'
      WHEN final_text_preview LIKE '%git stash%' OR user_text_preview LIKE '%git stash%' THEN 'stash'
      WHEN final_text_preview LIKE '%git rebase%' OR user_text_preview LIKE '%git rebase%' THEN 'rebase'
      WHEN final_text_preview LIKE '%git tag%' OR user_text_preview LIKE '%git tag%' THEN 'tag'
      ELSE NULL
    END AS subcmd
  FROM exchanges
  WHERE status='completed'
    AND (final_text_preview LIKE '%git %' OR user_text_preview LIKE '%git %')
)
SELECT subcmd, COUNT(*) AS hits
FROM git_mentions
WHERE subcmd IS NOT NULL
GROUP BY subcmd
ORDER BY hits DESC;
SQL"
16,170,128682,可以是各自的使用者，若我有對資料來源做標註(session對話來自哪一個claude使用者 ip多少） 也可以是全部的使用者統一回應 我說的有問題嗎？,"git add scripts/backfill_embeddings.py scripts/make_analysis_copy.sh && git commit -m ""$(cat <<'EOF'
feat(scripts): exchange_embeddings backfill + DBeaver 安全副本工具

- backfill_embeddings.py：從 exchanges 重建歷史 embedding（48→1458 筆，35 sessions）
- make_analysis_copy.sh：VACUUM INTO 建立隔離副本，避免 DBeaver 持 SHARED lock 導致 corruption

Co-Authored-By: Claude Sonnet 4.6 <<EMAIL>>
EOF
)"""
17,170,129448,"1. **增加 `exchange_embeddings` 覆蓋率**（paraphrase job 已在跑，但只有 48 筆，需要 backfill）
2. 方案 A（FTS5 trigram）是 fallback 路徑的補強，不是主線",git diff --stat
18,14,2043,讓我執行 git log --oneline -5,git log --oneline -5
19,282,353775,幫我思考 從message會記錄所有的對話歷程 分類器目前用途是？,"git add docs/archive/plans/2026-05-21-pr-n-judge-noise-and-golden-set.md && git commit -m ""$(cat <<'EOF'
docs(pr-n): PR-N 計畫記錄（judge noise 治理 + golden set 擴增）

聚焦 RAGAS 評估兩大瓶頸：
- N.1：vendor client temperature 參數化（預設 0）+ c2_e2e --n-runs flag → 量化新 noise floor ≤ 0.15
- N.2：golden set 16 → 50+ 題，雙 baseline 重跑（Claude / Qwen），子集差 ≤ 0.5

棄計畫前置：[[2026-05-21-conditional-expansion]]（auto:2 Δ=−0.45）
EOF
)"""
20,196,186244,"Phase C 是否仍有待處理 C.1
EZE Golden Q&A #* $
+ 標準答案
Opus
high
C.2-C.3
EZE
pipeline + 雙模型基線
Sonnet
medium
C.4
CI
週度採樣機制
Haiku
low","git add layer_2_chamber/backend/core/config.py layer_2_chamber/backend/db/schema_layer2.sql && git commit -m ""$(cat <<'EOF'
feat(pr-a-rpm-schema): 新增 RPM 速率限制欄位與 migration

Schema 變更（teachers 表）：
- rpm_limit: 每分鐘請求上限（NULL = 不限）
- rpm_window_start: 60s 窗口起點（ISO8601）
- rpm_count_in_window: 窗口內已消耗請求數
- transient_backoff_until: RPM 超限短暫回退結束時間

Migration E（幂等）：
- Gemini Flash: rpm=10（Free Tier）
- Gemini Flash-Lite: rpm=15 + daily_request_limit 250→1000
- Claude Sonnet: rpm=50（Tier 1 conservative）
- Local/XAI: rpm=NULL（不限）

目的：區分短暫 RPM 超限（60s 回退）vs 每日配額耗盡（24h 封鎖）

Co-Authored-By: Claude Sonnet 4.6 <<EMAIL>>
EOF
)"""
21,282,353314,請問我該依據怎樣的準則決定保留、drop,"git status -s && echo ""---"" && git log --oneline main..HEAD | head -25 && echo ""---CHANGELOG head---"" && head -30 CHANGELOG.md 2>/dev/null"
22,282,353189,"<task-notification>
<task-id>bgsnzd8zi</task-id>
<tool-use-id>toolu_01A23ySX2kjSPEUQEYGC7ZfU</tool-use-id>
<output-file>/private/tmp/claude-501/-Users-surpend-Developer-01-project-shiba-fine-tuning-project/d284020b-5266-4289-afde-2f23c67bcd94/tasks/bgsnzd8zi.output</output-file>
<status>completed</s",git checkout -b pr-n-judge-noise-and-golden-set
23,180,140658,"Base directory for this skill: <HOME>/.claude/skills/shiba-dev-cycle

# Shiba Dev Cycle

## Overview

每個實作單元必須經過五個階段，缺一不可。Claude 不得跳過或合併階段。

## 五階段循環

```
PLAN → DISCUSS → AGREE → IMPLEMENT → VERIFY
  ↑                                      |
  └──────────── next phase ──────────────┘
```

##","for b in sqlite-race-hardening-pr1 yaml-schema-1-yaml-2-4-glimmering-candy-step1 yaml-schema-1-yaml-2-4-glimmering-candy-step2 claude/blissful-austin-735420; do
  echo ""=== $b ===""
  echo ""ahead/behind vs main: $(git rev-list --left-right --count main...$b 2>/dev/null)""
  echo ""last commit: $(git log -1 --format='%h %ad %s' --date=short $b 2>/dev/null)""
done"
24,140,31396,先根據本次對話內容進行規劃 主要目標，當有推出新模型，下載並經過yaml檔定義好相關參數並可使用時，原有schema或其他已完成的歷史訓練集可以快速將資訊讓新模型學會：1.前端模型可彈性切換，並對每一個模型建立對應yaml檔 2.[4. 模式：除了「建議注入」還有什麼]裡面模式可以先記錄下來但這次不考慮 3.一些簡要任務請使用agent去完成跟驗證 4.規劃請列出建議使用的/model與/effort 5.請根據需求使用plugin或skill,"git status --short && echo ""---"" && git branch --show-current && echo ""---"" && ollama list 2>&1 | head -20"
25,228,254558,現在評分 AI API會有歷程紀錄可以看到嗎？ 每次請求的資訊,"git add evaluation/golden_set_builder.py evaluation/ragas_runner.py && git commit -m ""$(cat <<'EOF'
refactor(pr-d-ragas-anthropic-refactor): golden_set_builder Anthropic 改用 teacher_service 基礎設施 + ragas_runner Flash 速率保護

- golden_set_builder.annotate_with_claude：改走 teacher_service._call_anthropic + get_api_key
  - 移除 langchain-anthropic 依賴，統一從 Keychain（fallback env）取 key
  - 加 keychain_ref/api_base/effort 參數，與 teacher 同條設定路徑
- ragas_runner._judge_gemini 後加 sleep(12)：Flash 評分節點即使 Paid Tier 也預留間隔，避免連續送單批 31 query 短時間貼近上限

Co-Authored-By: Claude Opus 4.7 <<EMAIL>>
EOF
)"""
26,180,140482,先不用 理想是 各個layer分拆成小型微服務 將layer流程解構,"git add layer_1_memory/hooks/stop_hook.py layer_2_chamber/backend/services/multi_judge.py layer_2_chamber/backend/services/teacher_service.py scripts/e2e_pr2_smoke.py CHANGELOG.md && git commit -m ""$(cat <<'EOF'
fix(sqlite-pr2): 事務原子化 — stop_hook 4 段切分 + multi_judge 三欄共一事務

Step 5：stop_hook 拆 A/B/C/D 四段獨立 try/except，任一段失敗即 re-raise
讓 get_connection 統一 rollback（讀法 B：保 FK 完整性）。
Step 6：multi_judge_score 將 status/score/weight 包進同一 with conn:，
teacher_service._update_sample_score 移除內層 commit，徹底消除部分寫入。
quota 計數仍獨立 commit。

驗證：unit test 全綠 + dry run + E2E smoke（scripts/e2e_pr2_smoke.py
兩案 docker 容器內通過）。

Co-Authored-By: Claude Sonnet 4.6 <<EMAIL>>
EOF
)"""
27,282,353029,"<task-notification>
<task-id>bwp946m2n</task-id>
<tool-use-id>toolu_016NEtLgKKYkSGB8VyzELffq</tool-use-id>
<output-file>/private/tmp/claude-501/-Users-surpend-Developer-01-project-shiba-fine-tuning-project/d284020b-5266-4289-afde-2f23c67bcd94/tasks/bwp946m2n.output</output-file>
<status>completed</s","git log --oneline -3 && echo ""---"" && git tag -a v1.6.0 -m ""$(cat <<'EOF'
v1.6.0 — RAGAS 評估框架 + Teacher 配額治理 + clients 共用包 + bge-m3 中文召回升級

主要成果：
- RAGAS Phase 0/A/B/C 全部落地（golden_set 31 筆、Recall@3 0.744、C.1 expected_answer 28/31、C.2/C.3 E2E baseline、C.4 launchd 週度 CI）
- Teacher 配額治理 PR-A~D：Gemini Paid Tier 升級 + RPM slot 原子消耗 + 429 分流 + PT 午夜重置 + AnthropicClient + OpenAICompatClient
- clients/ 共用包：base + 4 vendor (gemini/anthropic/openai_compat/ollama) + AIErrorCategory 三類 + ai_api_call_logs
- bge-m3 swap：nomic-embed-text → bge-m3（1024-dim），2263 exchange backfill
- 韌性強化 PR-G/I/K：thinking-mode 關閉 + schema-drift / tz-bug / exponential backoff [5,15,30,60]

C.2/C.3 bge-m3 baseline：Qwen 5.39（+0.16）/ Claude 5.14（−0.34），雜訊範圍；
RAG 召回仍為主瓶頸（生成模型差異 < 召回變化不確定性）。

詳見 CHANGELOG.md [1.6.0]。
EOF
)"" && echo ""---tag---"" && git tag --sort=-creatordate | head -3"
28,362,361592,"這兩份是個人學習檔案 - docs/2026-05-09_shiba-fine-tuning-long-tern-plan.md
  - docs/2026-05-09_shiba-learning-roadmap.md 無需處理 請從task移除","git status && echo ""---@{upstream}...HEAD---"" && git diff @{upstream}...HEAD --stat 2>&1 | head -30 && echo ""---HEAD (working tree)---"" && git diff HEAD --stat"
29,196,186268,做PR-A完成後請讓我切換模型,"git commit -m ""$(cat <<'EOF'
feat(evaluation): RAGAS Phase 0+A.1+A.2 框架 + Anthropic teacher 接入

Phase 0：建立 evaluation/ 目錄、migration（3 表）、schemas.py 資料結構
- evaluation_results / retrieval_golden_set / judge_agreement_logs
- RetrievalSample / EvalResult dataclasses

A.1：retrieve_for_eval() read-only 召回 API（不動 hot path）
- 向量優先、FTS5 fallback，輸出結構化 dict 供 RAGAS 計算

A.2：golden_set_builder.py 半自動建構工具
- 4 個 action：sample / preview / annotate / review
- 候選池=vector top 15 + FTS5 top 5 合併去重
- Claude 標註 prompt 走「寧缺勿濫」原則，輸出 JSON
- _BLACKLIST 排除「好/ok/繼續」等無意義 query
- 同步 _vector_search 的高發散 instruction 過濾

Anthropic teacher 接入
- teacher_service._call_anthropic()：urllib + anthropic-version 2023-06-01
- output_config.effort 預設 medium（依 RAGAS metric 可調 low/high）
- score_sample / call_teacher_for_test 兩處 dispatch 新增 anthropic 分支
- teachers id=5 Claude Sonnet 4.6 啟用（keychain_ref=anthropic-api-key）

Plan 修訂（2026-05-17-ragas-evaluation.md）
- 0.1.1 judge 選型矩陣（避循環依賴：A/B 走 local qwen3:30b，C 才走 Claude）
- 0.1.2 effort × RAGAS metric 對應表
- A.2 改用 exchange_embeddings.instruction（sessions.context_summary 全 NULL）
- 成本下修 \$15-20 → \$5-10

Co-Authored-By: Claude Sonnet 4.6 <<EMAIL>>
EOF
)"""
30,18,16466,是否有git push remote做commit?,"git add layer_1_memory/lib/rag.py layer_2_chamber/backend/services/teacher_service.py && git commit -m ""$(cat <<'EOF'
fix: RAG 召回閾值降至 0.35，Gemini REST 強制 JSON 回傳

- rag.py：cosine 相似度門檻 0.5 → 0.35，提高中文語意召回率
- teacher_service.py：_call_gemini_rest 加 responseMimeType=application/json，避免 unquoted keys 解析錯誤

Co-Authored-By: Claude Sonnet 4.6 <<EMAIL>>
EOF
)"""
